terms,count
last year,42
new york,42
right now,39
dont know,32
look like,31
year ago,31
make sure,30
last week,28
feel like,24
im go,20
first time,19
last night,19
food food,18
go back,18
st loui,18
everi time,17
high school,17
im sure,17
look forward,17
one day,17
come back,16
new jersey,16
cant wait,15
dont think,15
last month,14
one thing,14
two year,14
unite state,14
’ just,13
can say,13
can see,13
next week,13
said “,13
will take,13
let know,12
long time,12
realli want,12
sound like,12
three year,12
year old,12
back home,11
even though,11
everi day,11
famili member,11
just want,11
let us,11
next year,11
realli good,11
san diego,11
school district,11
take place,11
can make,10
everi year,10
good thing,10
ice cream,10
just like,10
let go,10
los angele,10
new year,10
onli one,10
thank follow,10
two week,10
can onli,9
doe mean,9
felt like,9
follow back,9
ive got,9
just becaus,9
just need,9
just saw,9
know whi,9
littl bit,9
mani peopl,9
polic offic,9
said one,9
someon els,9
tri get,9
veri much,9
want get,9
will make,9
work hard,9
year later,9
best friend,8
can get,8
can help,8
civil war,8
don’t know,8
dont like,8
even better,8
execut director,8
get better,8
go get,8
great day,8
im readi,8
just got,8
kansa citi,8
month ago,8
onli thing,8
san francisco,8
san jose,8
seem like,8
social media,8
social network,8
thing happen,8
want go,8
want make,8
will go,8
will see,8
’d like,7
ask question,7
can take,7
charter school,7
dont even,7
dont get,7
feder govern,7
get back,7
go happen,7
groceri store,7
hate hate,7
help us,7
im just,7
just say,7
last day,7
leav comment,7
let get,7
like one,7
love one,7
make sens,7
much easier,7
one favorit,7
one point,7
one time,7
polic depart,7
preheat oven,7
presid obama,7
pretti good,7
pretti much,7
readi go,7
real estat,7
six month,7
south carolina,7
stay tune,7
take advantag,7
take time,7
tri keep,7
tv show,7
two day,7
veri good,7
veri well,7
week ago,7
will get,7
will help,7
will never,7
will play,7
’m go,6
’m will,6
also like,6
answer question,6
around world,6
back work,6
barack obama,6
bring back,6
came across,6
can add,6
can count,6
can find,6
citi council,6
day will,6
dont need,6
end day,6
ever seen,6
ever sinc,6
five year,6
get involv,6
good time,6
got new,6
head coach,6
im gonna,6
ive seen,6
just case,6
just found,6
know ’m,6
late night,6
least one,6
love much,6
make way,6
mayb even,6
next day,6
now im,6
now will,6
ohio state,6
one two,6
one year,6
pass away,6
past year,6
peopl can,6
peopl will,6
plead guilti,6
polic said,6
polic station,6
said now,6
take pictur,6
tax break,6
th centuri,6
three time,6
veri littl,6
wait see,6
way back,6
white hous,6
will pay,6
will provid,6
will say,6
youv got,6
’ realli,5
air forc,5
also known,5
among thing,5
attorney general,5
author said,5
bad thing,5
becaus one,5
big east,5
came back,5
can use,5
cant make,5
day befor,5
day day,5
declin comment,5
didnt want,5
doesnt matter,5
don’t go,5
don’t think,5
dont want,5
essex counti,5
feel good,5
forget ’,5
four year,5
free throw,5
friday night,5
get go,5
get readi,5
get see,5
go around,5
go home,5
go see,5
good day,5
good luck,5
good morn,5
great time,5
happi birthday,5
happi hour,5
happi new,5
health care,5
health insur,5
help get,5
home run,5
hope will,5
im look,5
just get,5
just know,5
just one,5
just pig,5
know ’,5
lack mean,5
last season,5
life lack,5
like play,5
love dont,5
love get,5
made way,5
main charact,5
make decis,5
make differ,5
mean life,5
michigan state,5
much time,5
near everi,5
never realli,5
new book,5
new level,5
next month,5
next time,5
noth like,5
now can,5
number one,5
one best,5
one biggest,5
one first,5
one person,5
orang counti,5
oven degre,5
page book,5
patent office,5
peanut butter,5
phone call,5
pleas follow,5
pm everi,5
point rebound,5
presid barack,5
put back,5
realli get,5
realli just,5
realli like,5
realli make,5
right back,5
said didnt,5
said know,5
said statement,5
said tuesday,5
said will,5
saturday morn,5
saturday night,5
say “,5
start talk,5
state attorney,5
still love,5
super bowl,5
sure can,5
sure whi,5
sweet potato,5
take care,5
theyr go,5
thing like,5
think im,5
think onli,5
thud thud,5
time realli,5
time will,5
tri figur,5
turn around,5
two hour,5
understand whi,5
vice presid,5
walk away,5
want see,5
well known,5
will also,5
will bring,5
will find,5
will give,5
will meet,5
will need,5
will probabl,5
will put,5
will share,5
will tell,5
will work,5
year said,5
year sinc,5
– onli,4
’ go,4
’m sure,4
’s just,4
’ve tri,4
“ didn’t,4
” said,4
across countri,4
alreadi know,4
alway get,4
alway want,4
anyth can,4
associat press,4
attorney offic,4
attorney office,4
award winner,4
back school,4
bake minut,4
becaus im,4
becaus want,4
best deal,4
best part,4
best way,4
black white,4
bottom line,4
can also,4
can enjoy,4
can one,4
can still,4
can’t get,4
cant help,4
chang mind,4
citi offici,4
coffe shop,4
come across,4
come see,4
commit suicid,4
cooki sheet,4
couldnt find,4
counti prosecutor,4
coupl week,4
craft beer,4
day ago,4
day get,4
day later,4
day well,4
decid whether,4
didnt get,4
didnt know,4
domest violenc,4
dont forget,4
dont understand,4
dure day,4
either way,4
enjoy watch,4
enough money,4
everi one,4
fall love,4
famili love,4
farmer market,4
find way,4
first assist,4
first place,4
first quarter,4
first round,4
first step,4
first thing,4
first year,4
follow rule,4
fox new,4
free free,4
full day,4
get idea,4
get job,4
get start,4
get way,4
gift certif,4
give us,4
glad see,4
go go,4
go make,4
god god,4
good bad,4
got good,4
got think,4
hard hit,4
hard work,4
hes veri,4
home just,4
human right,4
im almost,4
import thing,4
includ one,4
ive alway,4
jesus christ,4
join leagu,4
just dont,4
just finish,4
just keep,4
just littl,4
just love,4
just make,4
just think,4
just tri,4
know im,4
know like,4
know will,4
last game,4
last minut,4
last one,4
last summer,4
last two,4
later day,4
like go,4
like say,4
like use,4
like well,4
liter dead,4
littl kid,4
long will,4
look good,4
lot peopl,4
lot thing,4
loui counti,4
love hear,4
love just,4
love littl,4
made clear,4
made use,4
make day,4
make happi,4
make mistak,4
mani thing,4
mani year,4
may think,4
men women,4
mental health,4
mile pm,4
million viewer,4
mm f,4
month later,4
month old,4
nation championship,4
ncaa tournament,4
near million,4
need go,4
need said,4
never get,4
new england,4
new thing,4
new year’,4
next one,4
now ’,4
now becaus,4
now just,4
now know,4
offici said,4
old friend,4
old man,4
one get,4
one week,4
oregon state,4
paper piec,4
peopl dont,4
percent last,4
place like,4
play well,4
pleas come,4
post offic,4
properti tax,4
provid inform,4
public school,4
question whether,4
read book,4
real life,4
reason whi,4
recent year,4
right thing,4
role play,4
said befor,4
said need,4
said team,4
said think,4
said want,4
say will,4
school year,4
see can,4
see new,4
see work,4
short stori,4
show us,4
southern california,4
spend time,4
spiritu path,4
spread word,4
state tournament,4
state univers,4
still look,4
stori one,4
superior court,4
tax increas,4
terrorist organ,4
th anniversari,4
thank love,4
thank mention,4
thank retweet,4
thing can,4
thing go,4
thing life,4
think ’,4
think peopl,4
thought id,4
time ago,4
time squar,4
time take,4
time think,4
time took,4
told us,4
took us,4
top three,4
trade center,4
tri chang,4
tri eat,4
tri find,4
two three,4
u can,4
us love,4
us much,4
us open,4
video game,4
wait till,4
wall street,4
want give,4
want know,4
want share,4
way peopl,4
wednesday night,4
week will,4
well just,4
whether go,4
whole thing,4
will allow,4
will alway,4
will becom,4
will begin,4
will caus,4
will come,4
will end,4
will keep,4
will receiv,4
will start,4
will strengthen,4
will tri,4
will use,4
will wait,4
without ani,4
world trade,4
write new,4
year year,4
yes can,4
york yanke,4
’ alway,3
’ better,3
’ like,3
’ plan,3
’ time,3
’ll get,3
’ll never,3
’ll see,3
’ll tri,3
’m afraid,3
’m glad,3
’m hope,3
’m sorri,3
’r go,3
“ ”,3
“ can’t,3
“ don’t,3
ab mat,3
across state,3
activ communic,3
actual make,3
actual pretti,3
aggrav assault,3
air condit,3
also found,3
also good,3
also love,3
also made,3
also make,3
also plan,3
american politician,3
ani time,3
ani way,3
anoth man,3
anoth one,3
another great,3
anyon els,3
anyth els,3
anyth everyth,3
anyth like,3
april th,3
around town,3
ask peopl,3
ask someth,3
ask whether,3
await sentenc,3
away home,3
aww thank,3
back “,3
back day,3
back insid,3
ball just,3
bay area,3
becaus love,3
becaus tomorrow,3
becaus total,3
befor come,3
befor start,3
believ will,3
bell pepper,3
best can,3
best player,3
better yet,3
big deal,3
big fan,3
big head,3
big question,3
big ten,3
billion feder,3
bit offic,3
block shot,3
blog post,3
blood pressur,3
board member,3
book read,3
book want,3
bottl beer,3
breast cancer,3
bring us,3
brother sister,3
brought back,3
busi week,3
buy new,3
can alway,3
can bring,3
can complet,3
can found,3
can give,3
can go,3
can happen,3
can keep,3
can legal,3
can pleas,3
can tell,3
can tri,3
can trust,3
cant stop,3
carolina windpool,3
carri illeg,3
cathol church,3
cell phone,3
central florida,3
central park,3
challeng make,3
championship team,3
check email,3
check phone,3
chief execut,3
child led,3
child support,3
children famili,3
chris christi,3
christi said,3
circuit court,3
climat chang,3
coffe cake,3
collect social,3
come along,3
come around,3
comment blog,3
commun colleg,3
communic unhind,3
complet differ,3
complet three,3
comput program,3
condit can,3
conspiraci theorist,3
cook minut,3
copi past,3
cost million,3
cost shift,3
couldnt get,3
counti attorney,3
coupl month,3
court document,3
craft store,3
cream sugar,3
creat job,3
creat love,3
credit card,3
current use,3
custom servic,3
cuyahoga counti,3
date april,3
david omand,3
day back,3
day christma,3
day dont,3
day earli,3
day feel,3
day last,3
day life,3
day like,3
day night,3
day one,3
day school,3
day spent,3
day year,3
de soto,3
decid go,3
decis made,3
deep fri,3
design team,3
desper housew,3
didn’t get,3
didn’t want,3
didnt even,3
differ place,3
differ thing,3
differ type,3
district attorney,3
doe ani,3
doe work,3
doesnt get,3
doesnt make,3
doesnt mean,3
dont buy,3
dont care,3
dont just,3
dont see,3
dont worri,3
downtown frederick,3
dr brown,3
dream come,3
earlier month,3
east coast,3
econom develop,3
emerg room,3
encourag peopl,3
end last,3
estat market,3
estim million,3
etc etc,3
even know,3
even think,3
ever play,3
everi minut,3
everi wednesday,3
everyon said,3
everyth goe,3
execut committe,3
explain whi,3
facebook page,3
famili farm,3
famili friend,3
far good,3
feel better,3
feel free,3
fell love,3
fell percent,3
fight scene,3
find inform,3
find will,3
finger toe,3
fire depart,3
first day,3
first four,3
first goal,3
first half,3
first three,3
first two,3
five six,3
follow person,3
follow see,3
follow us,3
food pantri,3
foot long,3
footbal basketbal,3
forgiv time,3
four day,3
four time,3
fourth quarter,3
french fri,3
friend famili,3
friend great,3
fund will,3
futur fell,3
game said,3
garlic clove,3
gener assembl,3
general manag,3
get anoth,3
get around,3
get best,3
get get,3
get home,3
get new,3
get peopl,3
get togeth,3
get want,3
give kid,3
give ourselv,3
given us,3
go let,3
go like,3
go sleep,3
go take,3
go tri,3
go way,3
go work,3
god bless,3
good idea,3
good night,3
good old,3
good shot,3
good way,3
got great,3
gov chris,3
grand juri,3
great follow,3
great thing,3
greek yogurt,3
green bean,3
half hour,3
hall fame,3
hard enough,3
hard get,3
hatchet job,3
health depart,3
health problem,3
help famili,3
help give,3
help improv,3
help keep,3
hes great,3
home busi,3
home school,3
hong kong,3
hope everyon,3
hope find,3
hope get,3
hope good,3
hot sauc,3
hot summer,3
hour day,3
hour make,3
hour pm,3
huge differ,3
ill give,3
ill never,3
ill take,3
illeg activ,3
im happi,3
im make,3
im tire,3
im total,3
im tri,3
imran khan,3
increas percent,3
increas risk,3
infect rate,3
interest life,3
ive ever,3
john rachel,3
join us,3
just anyth,3
just day,3
just deal,3
just differ,3
just go,3
just good,3
just hope,3
just left,3
just let,3
just much,3
just now,3
just percent,3
just pop,3
just seem,3
just two,3
just wait,3
just way,3
justic depart,3
keep come,3
keep go,3
knock unconsci,3
know dont,3
know exact,3
know just,3
know much,3
know think,3
know time,3
know well,3
last august,3
last spring,3
last time,3
late s,3
lead us,3
least hour,3
least year,3
led wean,3
lemon zest,3
let alon,3
let live,3
life like,3
life will,3
like ’m,3
like famili,3
like hope,3
like idea,3
like just,3
like know,3
like make,3
like read,3
like said,3
like see,3
like want,3
littl girl,3
littl old,3
live life,3
live music,3
live room,3
local govern,3
lone parent,3
long period,3
look back,3
look nice,3
lost job,3
lot money,3
lot time,3
love peopl,3
love read,3
love stori,3
love way,3
love work,3
made game,3
made home,3
made mistak,3
major leagu,3
make clear,3
make debut,3
make feel,3
make great,3
make one,3
make us,3
make want,3
make work,3
man can,3
mani opportun,3
mani state,3
mani time,3
mani way,3
marion counti,3
martha stewart,3
math teacher,3
may call,3
may learn,3
may need,3
may th,3
mean european,3
media intellig,3
middl east,3
million dollar,3
million peopl,3
million year,3
mitt romney,3
mix well,3
monitor collect,3
month want,3
mother day,3
mountain west,3
move forward,3
move last,3
much appreci,3
much better,3
much fun,3
much less,3
much like,3
muffin pan,3
must say,3
natur gas,3
natur hair,3
need find,3
need keep,3
need love,3
need someth,3
need work,3
network cabl,3
never befor,3
never forget,3
never go,3
never let,3
never seen,3
new brunswick,3
new job,3
new mother,3
new one,3
new phone,3
new project,3
new pussi,3
new yorker,3
newark polic,3
news confer,3
news releas,3
news report,3
next thing,3
nfl scout,3
night celebr,3
night thank,3
now make,3
now need,3
now shes,3
now time,3
now work,3
obama campaign,3
oh whi,3
oklahoma state,3
old old,3
oliv oil,3
one anoth,3
one can,3
one even,3
one go,3
one hope,3
one hundr,3
one just,3
one love,3
one month,3
one percent,3
one piec,3
one place,3
one right,3
one three,3
one way,3
one will,3
onli get,3
onli make,3
onli person,3
pale ale,3
pan bake,3
paper towel,3
park lot,3
part becaus,3
part state,3
past decad,3
pedestrian devil,3
peopl die,3
peopl don’t,3
peopl go,3
peopl just,3
peopl talk,3
per cent,3
per day,3
percent declin,3
percent decreas,3
percent percent,3
perhap one,3
person can,3
person think,3
phone compani,3
photo taken,3
pick first,3
place pts,3
place time,3
plan new,3
plan will,3
play along,3
play footbal,3
play game,3
play much,3
pm daili,3
pm sunday,3
point guard,3
point view,3
polic say,3
polic spokesman,3
post blog,3
presid said,3
presidenti candid,3
press confer,3
previous two,3
previous year,3
prison sentenc,3
provid food,3
public access,3
put togeth,3
quit bit,3
quit like,3
quit yet,3
r like,3
real good,3
real world,3
realli big,3
realli cool,3
realli enjoy,3
realli made,3
realli need,3
red flag,3
red sox,3
requir peopl,3
rest day,3
right size,3
right time,3
ron paul,3
room temperatur,3
rt cant,3
run around,3
rush hour,3
s s,3
said anyway,3
said ask,3
said compani,3
said everi,3
said famili,3
said final,3
said get,3
said give,3
said hope,3
said interview,3
said john,3
said live,3
said monday,3
said sinc,3
said today,3
said woman,3
san antonio,3
sarah palin,3
say just,3
say littl,3
say now,3
say one,3
school board,3
school record,3
school system,3
second half,3
second onli,3
second place,3
second quarter,3
second round,3
see abov,3
see face,3
see lot,3
see soon,3
see us,3
seem though,3
seem veri,3
set ’m,3
set asid,3
sever day,3
share pictur,3
sheriff deputi,3
show sign,3
sign law,3
similar stori,3
sinc work,3
singl season,3
sir david,3
smell like,3
someth good,3
someth wrong,3
sour cream,3
south africa,3
south euclid,3
special prosecutor,3
spent day,3
squar feet,3
stanley cup,3
start finish,3
start get,3
start new,3
start take,3
state counti,3
state law,3
state said,3
state senat,3
stay home,3
still continu,3
still find,3
still get,3
still time,3
still tri,3
stock market,3
summer camp,3
sure peopl,3
take us,3
talking cock,3
tax collector,3
team footbal,3
team member,3
ten year,3
th avenu,3
th district,3
th grade,3
th round,3
th th,3
thank came,3
thank everyon,3
thank much,3
thing becaus,3
thing come,3
thing got,3
thing just,3
thing say,3
thing want,3
thing work,3
think ’m,3
think can,3
think everi,3
think good,3
think got,3
though will,3
thought kind,3
three game,3
three women,3
time anoth,3
time articl,3
time call,3
time came,3
time come,3
time fli,3
time just,3
time look,3
time move,3
time now,3
time put,3
time read,3
time said,3
time soon,3
time time,3
time tri,3
time work,3
today just,3
today show,3
today will,3
told report,3
took anoth,3
top chef,3
town like,3
tran fat,3
treat like,3
truli love,3
tuesday night,3
tuesday said,3
twitter account,3
u r,3
unite kingdom,3
univers high,3
us know,3
us live,3
us sen,3
us senat,3
use help,3
use refer,3
van doren,3
vendor spotlight,3
veri best,3
veri happi,3
veri import,3
veri nice,3
veri simpl,3
walk back,3
want babi,3
want becom,3
want find,3
want hear,3
want help,3
want like,3
want one,3
want tri,3
washington dc,3
wasnt go,3
watch video,3
way get,3
way last,3
way use,3
way way,3
web site,3
well got,3
well said,3
well well,3
went day,3
went well,3
whether will,3
whi tri,3
whole famili,3
whole new,3
whole wheat,3
will creat,3
will follow,3
will happen,3
will host,3
will join,3
will just,3
will look,3
will love,3
will much,3
will onli,3
will pick,3
will post,3
will soon,3
will updat,3
win game,3
winter garden,3
wish dead,3
without monitor,3
without use,3
women take,3
wonder whi,3
wont happen,3
work best,3
work hour,3
work just,3
work one,3
work right,3
work said,3
work veri,3
work way,3
work week,3
world championship,3
x inch,3
year get,3
year local,3
year long,3
year one,3
year prison,3
year state,3
york citi,3
york time,3
young woman,3
– applesauc,2
– children,2
– doe,2
– well,2
– will,2
— mayb,2
— start,2
— still,2
’ good,2
’ job,2
’ lot,2
’ much,2
’ onli,2
’ possibl,2
’ probabl,2
’ veri,2
’” bc,2
’ll go,2
’m also,2
’m get,2
’m littl,2
’m look,2
’m talk,2
’m tri,2
’m wait,2
’m write,2
’r also,2
’r readi,2
’r realli,2
’s like,2
’s much,2
’s piti,2
’v got,2
’ve decid,2
’ve never,2
“ can,2
“ guess,2
“ guy,2
“ know,2
“ like,2
“ peopl,2
“ question,2
“ reject,2
abil meet,2
abl go,2
abl make,2
abl see,2
abort coverag,2
abov pp,2
abraham lincoln,2
academi award,2
access inform,2
accord john,2
accord news,2
accord report,2
accord univers,2
account percent,2
achiev goal,2
acr campus,2
across blog,2
across sea,2
across us,2
across world,2
act like,2
action also,2
action scene,2
actual just,2
actual seem,2
actual start,2
actual use,2
ad “,2
add calori,2
add extra,2
add littl,2
add look,2
address befor,2
adventur hous,2
advocaci group,2
affect abil,2
afford hous,2
african american,2
age ounc,2
age popul,2
ago sent,2
agre certain,2
agre last,2
agreement will,2
ah yes,2
aint shit,2
ais mm,2
al bussam,2
algebra biolog,2
aliv today,2
allow certain,2
allow extra,2
allow public,2
allow someon,2
allow themselv,2
allstar game,2
almost done,2
almost percent,2
alon p,2
alreadi knew,2
alreadi said,2
also abl,2
also babi,2
also becaus,2
also becom,2
also contain,2
also coordin,2
also don’t,2
also expect,2
also featur,2
also get,2
also got,2
also help,2
also includ,2
also know,2
also live,2
also mean,2
also need,2
also offer,2
also point,2
also provid,2
also read,2
also said,2
also saw,2
also see,2
also spoke,2
also studi,2
also take,2
also will,2
although medic,2
alway answer,2
alway feel,2
alway tell,2
alway thought,2
alway use,2
amaz film,2
america influenc,2
america one,2
american apparel,2
american idol,2
american leagu,2
american legion,2
american polit,2
amount insulin,2
ancient american,2
ancient sage,2
andi pettitt,2
andrew luck,2
ani abov,2
ani action,2
ani better,2
ani countri,2
ani good,2
ani indic,2
ani kind,2
ani new,2
ani one,2
ani physic,2
ani recoveri,2
ani state,2
announc end,2
announc last,2
announc new,2
annual budget,2
anoth conscious,2
anoth day,2
anoth love,2
anoth minut,2
anoth opportun,2
anoth time,2
anoth week,2
anoth year,2
answer onli,2
antipornographi demonstr,2
anyon can,2
anyth think,2
anyth today,2
anyth want,2
anyth world,2
apart build,2
apart complex,2
apolog anyon,2
appear befor,2
appl cider,2
applesauc prom,2
april pm,2
area hope,2
area near,2
area resid,2
area will,2
arizona republ,2
armi reserv,2
around area,2
around block,2
around corner,2
around countri,2
around famili,2
around get,2
around spot,2
around state,2
around time,2
art exhibit,2
art museum,2
artist work,2
arts depart,2
ask give,2
ask go,2
ask one,2
ask student,2
ask whi,2
aspir writer,2
assassin creed,2
assault vehicl,2
assum will,2
atlantic univers,2
attack take,2
attack unite,2
attend fundrais,2
attorney said,2
augusta nation,2
author give,2
aw hey,2
award guy,2
away two,2
babi bottl,2
babi guy,2
babi hous,2
back becaus,2
back coupon,2
back forth,2
back hold,2
back look,2
back memori,2
back much,2
back shelv,2
back station,2
back time,2
back tri,2
back vendor,2
back year,2
backup quarterback,2
bad time,2
bag fill,2
bake dish,2
balanc budget,2
ballist missil,2
bane exist,2
bank america,2
bank financi,2
bank go,2
bar restaur,2
barbara counti,2
bare notic,2
basebal fan,2
basebal new,2
basil pesto,2
beach atlantic,2
bean sprout,2
beat ohio,2
beat togeth,2
becam first,2
becaus book,2
becaus cant,2
becaus go,2
becaus god,2
becaus human,2
becaus just,2
becaus know,2
becaus like,2
becaus make,2
becaus matter,2
becaus might,2
becaus otherwis,2
becaus realli,2
becaus recal,2
becaus schedul,2
becaus shape,2
becaus weve,2
becaus will,2
becom better,2
becom like,2
becom minor,2
becom secret,2
becom soft,2
becom veri,2
beef dinner,2
beer festiv,2
beer fridg,2
beer full,2
beer tri,2
beer year,2
befor call,2
befor game,2
befor head,2
befor know,2
befor leav,2
befor make,2
befor now,2
befor race,2
befor ralli,2
befor school,2
begin month,2
begin today,2
begin week,2
begin year,2
behind scene,2
believ way,2
best audienc,2
best movi,2
best team,2
bestofseven seri,2
better deal,2
better last,2
better like,2
better move,2
better now,2
better time,2
beverag list,2
big celebr,2
big crowd,2
big issu,2
big leagu,2
big pictur,2
big save,2
big theme,2
big way,2
bike lane,2
bill —,2
billion dollar,2
billion year,2
bin laden,2
birth certif,2
birth control,2
birthday cake,2
birthday parti,2
bit like,2
block like,2
block north,2
blog badg,2
blog leav,2
blog life,2
blogger follow,2
blood cell,2
blood orang,2
blown away,2
blue eye,2
blue first,2
blue sky,2
blush blossom,2
board educat,2
boil water,2
bois state,2
bomb october,2
book come,2
book end,2
book great,2
book like,2
book love,2
book night,2
book one,2
boost economi,2
border patrol,2
born rais,2
bottl one,2
bottom jaw,2
bowl beat,2
bowl electr,2
box meat,2
boy girl,2
boy now,2
boy’ famili,2
brand new,2
break bread,2
break lot,2
breakfast morn,2
brian elliott,2
brian mcname,2
bright earli,2
bring best,2
bring home,2
broken leg,2
brooklyn dodger,2
brother stephen,2
brows brows,2
bryce harper,2
build reach,2
build set,2
build upon,2
built around,2
bull run,2
bullet train,2
bus ride,2
busi card,2
busi got,2
busi part,2
butterfli winter,2
buy one,2
cabl channel,2
cake flour,2
calf injuri,2
call email,2
call hospit,2
call night,2
call onc,2
call someon,2
call us,2
call yourselv,2
calm one,2
came town,2
camera camera,2
campaign get,2
campaign two,2
can ask,2
can blame,2
can break,2
can buy,2
can catch,2
can demonstr,2
can easili,2
can even,2
can feel,2
can figur,2
can just,2
can least,2
can now,2
can play,2
can read,2
can rememb,2
can safe,2
can simpli,2
can stop,2
can think,2
can translat,2
can understand,2
can’t afford,2
can’t think,2
candi bar,2
canin bit,2
cant afford,2
cant believ,2
cant chang,2
cant even,2
cant find,2
cant miss,2
cant see,2
cant sleep,2
cant stand,2
car compani,2
card made,2
care deepli,2
care person,2
care will,2
career educ,2
carpet sampl,2
case one,2
cassett record,2
cast member,2
cat’ cradl,2
cathol high,2
caus order,2
cedar cove,2
center stage,2
central st,2
ceremoni rehears,2
certain don’t,2
certain type,2
challeng first,2
challeng post,2
challeng sir,2
challeng well,2
chan tatum,2
chanc work,2
chang subject,2
chang thing,2
chang time,2
charact just,2
characterdriven reader,2
charg get,2
charg murder,2
charli sheen,2
check cart,2
check work,2
cheesecak squar,2
chef ben,2
cherri pie,2
chicken liver,2
chief oper,2
chief said,2
child har,2
child like,2
childhood dream,2
children abraham,2
children age,2
children center,2
children younger,2
children’ book,2
chili powder,2
chines food,2
cholesterol blood,2
christi condit,2
christma decor,2
christma fabric,2
christma tree,2
church open,2
church wont,2
citi border,2
citi day,2
citi hall,2
citi los,2
citi mo,2
citi resid,2
citi school,2
citigroup inc,2
civil servic,2
claim kill,2
class state,2
class well,2
classic compos,2
clean tape,2
clear sky,2
clone birth,2
close eye,2
cmon can,2
coach also,2
coach bob,2
coach dave,2
coach greg,2
coat hook,2
cock second,2
code violat,2
codi rhode,2
coffe bar,2
cold weather,2
collect bargain,2
color paint,2
colorado river,2
come get,2
come go,2
come high,2
come home,2
come life,2
come one,2
come pick,2
come point,2
come store,2
come togeth,2
come true,2
come two,2
come ur,2
come us,2
come veri,2
come visit,2
come year,2
comment friday,2
commiss offici,2
commit reform,2
committe meet,2
common enough,2
common sourc,2
commun center,2
communiti got,2
communiti special,2
compani first,2
compani say,2
compani sell,2
compani will,2
competit must,2
complet one,2
concern direct,2
concern im,2
condit veto,2
confer call,2
confer year,2
conflict build,2
conform imag,2
congress hotel,2
congress pass,2
consum like,2
contact look,2
contain much,2
continu work,2
contrari popular,2
contribut report,2
contribut year,2
cook anoth,2
cook rice,2
cook time,2
cooki made,2
cool rack,2
cool shit,2
cool thing,2
copi book,2
corner fight,2
council presid,2
counti ’,2
counti commission,2
counti health,2
counti public,2
counti said,2
counti sheriff,2
counti sheriff’,2
counti state,2
countri around,2
coupl day,2
coupon freebi,2
cours action,2
cours one,2
court challeng,2
court judg,2
court may,2
court week,2
court whi,2
cover event,2
cover ground,2
cream chees,2
credit st,2
crimin suspect,2
crisp crust,2
cross hatch,2
cross line,2
cross stitch,2
crude oil,2
ct scan,2
cuba will,2
cucumb romain,2
cup final,2
current resid,2
cut debt,2
cut expect,2
cut hand,2
cut inch,2
cut past,2
d dont,2
d rig,2
damn thing,2
danc parti,2
dark chocol,2
data show,2
date back,2
date last,2
david linard,2
david lynch,2
day ’,2
day ahead,2
day anyth,2
day cant,2
day everyon,2
day got,2
day just,2
day know,2
day littl,2
day loss,2
day mean,2
day mom,2
day post,2
day remembr,2
day said,2
day think,2
day till,2
day turn,2
day walk,2
day weekend,2
day work,2
dead link,2
dead liter,2
dead still,2
dead wish,2
debt crisi,2
debt payment,2
decad new,2
decid need,2
decid one,2
decid send,2
decid someth,2
declin previous,2
declin say,2
degre f,2
del teatro,2
delay game,2
democrat leader,2
depart can,2
depart consid,2
depart investig,2
deputi respond,2
design make,2
despit fact,2
destroy bodi,2
detail one,2
develop financ,2
development disabl,2
devil pedestrian,2
diagnos breast,2
didn’t happen,2
didn’t like,2
didnt allow,2
didnt happen,2
didnt realli,2
didnt think,2
didnt use,2
die age,2
die becaus,2
die sunday,2
die year,2
diego counti,2
diego state,2
differ bottl,2
differ experi,2
differ kind,2
differ locat,2
differ name,2
differ note,2
digit scrapbook,2
dinner serv,2
direct affect,2
direct feder,2
direct jon,2
dirt road,2
dirti danc,2
disappoint set,2
disclosur receiv,2
discuss go,2
diseas risk,2
district court,2
divers program,2
divid equal,2
doctor onli,2
doe anyon,2
doe littl,2
doe show,2
doe sound,2
doesn’t even,2
doesn’t get,2
doesn’t mean,2
doesn’t work,2
doesnt even,2
doesnt feel,2
doesnt happen,2
doesnt know,2
doesnt let,2
doesnt like,2
doesnt look,2
doesnt seem,2
dog azi,2
dog lbs,2
don’t feel,2
don’t get,2
don’t want,2
done now,2
done wrong,2
doniphan civil,2
dont ani,2
dont anyth,2
dont ask,2
dont ever,2
dont expect,2
dont feel,2
dont go,2
dont normal,2
dont one,2
draft pick,2
draw upon,2
dream get,2
dream realli,2
dress pictur,2
drill pitch,2
drink water,2
drink wine,2
drop percent,2
drug test,2
drug use,2
durbin said,2
dure earli,2
dure first,2
dure game,2
dure time,2
dure week,2
durham nc,2
eagl bank,2
earli bond,2
earli morn,2
earli process,2
earli stage,2
earli th,2
earli year,2
earlier year,2
earth day,2
easi decis,2
eat anyth,2
eat insect,2
eat two,2
ebb flow,2
edg brown,2
edward said,2
egg white,2
eight year,2
eighth inning,2
el salvador,2
electr mixer,2
electron disclosur,2
els im,2
els like,2
els will,2
email love,2
email wonder,2
employ contract,2
en rout,2
end “,2
end back,2
end get,2
end just,2
end make,2
end nation,2
end week,2
endow session,2
energi use,2
engin will,2
enjoy follow,2
enjoy go,2
enjoy littl,2
enjoy sever,2
enough good,2
enough let,2
ensur will,2
enter countri,2
entir bodi,2
equal among,2
establish role,2
estim cost,2
ethic commiss,2
even attend,2
even befor,2
even don’t,2
even famili,2
even get,2
even new,2
even one,2
even raven,2
even realli,2
even say,2
even troubl,2
even word,2
event also,2
event good,2
event occur,2
event will,2
ever befor,2
ever get,2
ever want,2
everi inch,2
everi second,2
everi sport,2
everi wall,2
everyon around,2
everyon busi,2
everyon feel,2
everyon know,2
everyth dead,2
everyth go,2
everyth happen,2
everyth made,2
everyth movi,2
everyth one,2
everyth right,2
everyth seem,2
everyth want,2
evid even,2
exact like,2
exact whi,2
excit get,2
excus post,2
execut chef,2
exot anim,2
expand includ,2
expect anyth,2
expect someth,2
expect take,2
expens –,2
experi ’s,2
experi love,2
extrem close,2
fabul crafti,2
face percent,2
face tri,2
facebook twitter,2
facial featur,2
fade away,2
faint heart,2
fair amount,2
fair free,2
fair share,2
faith hope,2
fallen love,2
famili can,2
famili move,2
famili rental,2
famili said,2
famili thank,2
famili tie,2
famili togeth,2
fan base,2
fan least,2
fan like,2
fan still,2
far better,2
far come,2
far largest,2
fare well,2
fascin like,2
fashion show,2
fast approach,2
fast enough,2
fast pace,2
faster can,2
fatal mistak,2
fatal stab,2
favorit quot,2
favourit dish,2
fear govern,2
feder aid,2
feder grand,2
feder regul,2
feder reserv,2
feel bit,2
feel comfort,2
feel connect,2
feel inspir,2
feel leav,2
feel much,2
feel someth,2
feel special,2
feet away,2
felt good,2
field “,2
fifth inning,2
fight back,2
figur thing,2
figur whi,2
file away,2
file petit,2
fill role,2
fill room,2
fill use,2
film festiv,2
film industri,2
final big,2
final four,2
financ author,2
financ minist,2
financi crise,2
find anyth,2
find job,2
find perfect,2
find someon,2
find themselv,2
find work,2
fine piec,2
finish game,2
finish line,2
finish th,2
fire can,2
first book,2
first ever,2
first full,2
first met,2
first move,2
first stop,2
first wave,2
first wife,2
fit right,2
five day,2
five minut,2
five month,2
flash light,2
fli like,2
float around,2
flour sugar,2
flower pot,2
focal point,2
focus youth,2
follow challeng,2
follow excit,2
follow incid,2
follow mei,2
follow question,2
follow will,2
food can,2
food color,2
food manufactur,2
food network,2
food suppli,2
food think,2
foot pound,2
fop will,2
forc take,2
foreign minist,2
forev will,2
forget take,2
former latter,2
former saint,2
fortun back,2
forward see,2
found one,2
found parent,2
found way,2
four seven,2
four women,2
fourth inning,2
fourth straight,2
fox lite,2
free ice,2
freebi becaus,2
freeman live,2
fresh fruit,2
fresh start,2
fresh strawberri,2
freshman season,2
fri egg,2
fri im,2
friday april,2
friday call,2
friday saturday,2
friday th,2
friday will,2
friend back,2
friend knew,2
friend mine,2
friend parti,2
friend put,2
friend someth,2
friend take,2
front door,2
front fan,2
front porch,2
fruit tree,2
fuck suck,2
full benefit,2
full crisp,2
full scholarship,2
full term,2
fulli recov,2
fun color,2
fun watch,2
funni look,2
g unsalt,2
gain percent,2
gain weight,2
galaxi star,2
game befor,2
game even,2
game ever,2
game help,2
game just,2
game one,2
game onli,2
game take,2
game today,2
game tonight,2
game tuesday,2
game vs,2
game whole,2
gas station,2
gas tax,2
gave lot,2
gave us,2
gay male,2
gay marriag,2
gay right,2
gee oww,2
gender pay,2
general elect,2
general trend,2
generous sponsor,2
georg w,2
gerald wallac,2
get anywher,2
get away,2
get board,2
get car,2
get chanc,2
get distract,2
get done,2
get enough,2
get even,2
get excit,2
get far,2
get florida,2
get food,2
get free,2
get fresh,2
get fuck,2
get funnier,2
get hand,2
get hundr,2
get know,2
get last,2
get littl,2
get money,2
get old,2
get older,2
get press,2
get put,2
get real,2
get short,2
get shun,2
get sort,2
get straight,2
get thing,2
get tire,2
get touch,2
get troubl,2
get use,2
get week,2
get year,2
gift becaus,2
gift card,2
gilbert polic,2
girl best,2
girl might,2
girl’ famili,2
give away,2
give back,2
give client,2
give gift,2
give mani,2
give money,2
give one,2
give right,2
give specif,2
give three,2
give two,2
give way,2
given demograph,2
glad like,2
glass wine,2
global warm,2
glucos level,2
go bathroom,2
go book,2
go california,2
go check,2
go cold,2
go die,2
go dure,2
go easi,2
go enjoy,2
go even,2
go game,2
go give,2
go groceri,2
go hard,2
go know,2
go leav,2
go lie,2
go live,2
go look,2
go lot,2
go mad,2
go need,2
go now,2
go place,2
go pop,2
go prepar,2
go probabl,2
go right,2
go someth,2
go start,2
go still,2
go straight,2
go tast,2
go think,2
go upstair,2
go use,2
go well,2
go without,2
god –,2
god want,2
god will,2
gold silver,2
golden brown,2
golden gate,2
golden state,2
gone littl,2
gonna love,2
good answer,2
good food,2
good friday,2
good friend,2
good job,2
good meat,2
good news,2
good qualiti,2
good see,2
good soil,2
good sort,2
good thought,2
good true,2
good works”,2
got fight,2
got go,2
got jump,2
got photo,2
got realli,2
got roll,2
got tast,2
got three,2
gotta get,2
gotta love,2
govern borrow,2
govern data,2
govern right,2
governor also,2
governor offic,2
graphic design,2
great appreci,2
great game,2
great job,2
great local,2
great show,2
great success,2
great way,2
great week,2
green onion,2
green tea,2
greg schiano,2
gregori drive,2
grief can,2
groceri list,2
groceri shop,2
group independ,2
group still,2
group togeth,2
grow get,2
guarante maryland,2
guess one,2
guess say,2
guess veri,2
guest design,2
guid realli,2
guilti insan,2
guin stout,2
guitar vocal,2
gunnlaug went,2
guy think,2
haha thank,2
haha well,2
hair shrink,2
hair type,2
half full,2
half state,2
hall famer,2
hallmark channel,2
halloween candi,2
han ji,2
hand brew,2
happen ’,2
happen everywher,2
happen go,2
happen heart,2
happen past,2
happen said,2
happen someth,2
happen soon,2
happen unless,2
happi day,2
happi love,2
har har,2
hard believ,2
hard drive,2
hard ever,2
hardin said,2
hardship perform,2
harri mayor,2
hasnt decid,2
hate fuck,2
hate know,2
hate oh,2
head back,2
head home,2
health benefit,2
hear see,2
hear sound,2
hear voic,2
heard said,2
heart attack,2
heart beat,2
heart need,2
heart said,2
heat add,2
heavi metal,2
hedg fund,2
hell’ kitchen,2
help determin,2
help educ,2
help patient,2
help peopl,2
help put,2
help reduc,2
help save,2
help see,2
help themselv,2
help think,2
help visual,2
herman cain,2
hes alway,2
hes big,2
hes go,2
hes run,2
hey everyon,2
hey hoynsi,2
hey mike,2
hi im,2
hick said,2
hide behind,2
high april,2
high concentr,2
high profil,2
high recommend,2
high regard,2
hill overlook,2
hip hop,2
hiphop scene,2
histori american,2
hit basebal,2
hit explanatori,2
hit stride,2
hold shape,2
holder linden,2
hollywood love,2
holocaust survivor,2
home book,2
home final,2
home first,2
home never,2
home night,2
home two,2
homer four,2
homicid total,2
honest didnt,2
honest review,2
hope dont,2
hope futur,2
hope like,2
hope love,2
hope make,2
hope one,2
hope see,2
hope tatay,2
hope well,2
hospit center,2
hospit will,2
host first,2
hotel restaur,2
hotel room,2
hour befor,2
hour can,2
hour earlier,2
hour later,2
hour march,2
hour one,2
hour week,2
hour will,2
hous arrest,2
hous first,2
hous near,2
hous will,2
howev also,2
howev im,2
howl’ heart,2
hundr million,2
hundr peopl,2
hundr thousand,2
hundr year,2
hunger game,2
hurri get,2
ice hockey,2
id love,2
id rather,2
idea mean,2
idea whi,2
ilim pulp,2
ill definit,2
ill just,2
ill play,2
ill probabl,2
ill put,2
ill send,2
ill tri,2
im back,2
im done,2
im get,2
im good,2
im like,2
im mom,2
im one,2
im person,2
im quit,2
im say,2
im see,2
im sorri,2
im still,2
im think,2
im wear,2
immedi return,2
imperial stout,2
improv cost,2
improv dramat,2
improv write,2
inch piec,2
inch x,2
includ high,2
includ member,2
includ three,2
includ two,2
incom inequ,2
incom tax,2
incumb democrat,2
index futur,2
indict feder,2
individu state,2
ines maer,2
inning pitch,2
insid put,2
institut found,2
insur broker,2
insur compani,2
interest see,2
interest thing,2
interior design,2
invest help,2
investig report,2
investig will,2
involv cook,2
involv will,2
iowa state,2
issu becaus,2
issu haunt,2
issu said,2
issu work,2
ive bake,2
ive bought,2
ive done,2
ive heard,2
ive learn,2
ive read,2
ive told,2
ive tri,2
jackson said,2
jame bond,2
jame harden,2
jami moyer,2
januari can,2
jaroslav halak,2
jefferson citi,2
jeldwen field,2
jenkin said,2
jersey state,2
jerusalem babylon,2
jesus said,2
jewelri even,2
ji min,2
jimmi buffett,2
job creation,2
job last,2
job love,2
job offer,2
job one,2
job pleas,2
job seeker,2
john lennon,2
joke around,2
joke can,2
jose state,2
just abl,2
just absolut,2
just angri,2
just anoth,2
just ask,2
just befor,2
just can’t,2
just cant,2
just come,2
just crazi,2
just didnt,2
just excit,2
just fell,2
just great,2
just kind,2
just made,2
just move,2
just nice,2
just part,2
just pass,2
just pick,2
just post,2
just realiz,2
just rememb,2
just reproduct,2
just ride,2
just right,2
just scream,2
just sent,2
just silli,2
just start,2
just step,2
just stop,2
just sure,2
just take,2
katrina kaif,2
keep camera,2
keep child,2
keep good,2
keep mind,2
keep one,2
keep quiet,2
keep safe,2
keep smile,2
keep turn,2
kelley said,2
kernel centenni,2
key point,2
kick ass,2
kid age,2
kid enjoy,2
kid help,2
kid just,2
kid like,2
kill one,2
kind thing,2
king hamad,2
king jame,2
kiss mistleto,2
kitchen cabinet,2
knew everyth,2
knew go,2
knock door,2
know ani,2
know answer,2
know ask,2
know better,2
know feel,2
know find,2
know go,2
know got,2
know ill,2
know import,2
know ive,2
know know,2
know live,2
know long,2
know lot,2
know make,2
know mean,2
know might,2
know peopl,2
know say,2
know singl,2
know someth,2
know style,2
know want,2
known friend,2
kyri irving,2
kyron disappear,2
labor day,2
lack opportun,2
larg amount,2
larg glass,2
larg part,2
las vega,2
last decad,2
last long,2
last post,2
last seen,2
last tweet,2
last wednesday,2
last weekend,2
late even,2
later expect,2
later month,2
latest episod,2
latest post,2
laugh just,2
law regul,2
law school,2
lay back,2
lbs foot,2
lead good,2
lead poison,2
lead way,2
leagu came,2
leagu game,2
lean forward,2
learn control,2
learn man,2
least four,2
least point,2
leather jacket,2
leav rest,2
leav work,2
left fielder,2
left hand,2
left near,2
leftcent field,2
lefthand drew,2
legisl session,2
lemon juic,2
leo drake,2
less like,2
less month,2
less percent,2
lesson learn,2
let just,2
let see,2
let stand,2
let tell,2
let tri,2
let’ just,2
level play,2
liam took,2
lie everi,2
life death,2
life idea,2
life im,2
life time,2
lift weight,2
light dark,2
light poor,2
like ’,2
like ”,2
like art,2
like becaus,2
like big,2
like care,2
like catch,2
like come,2
like even,2
like fli,2
like gay,2
like good,2
like ill,2
like im,2
like ive,2
like last,2
like like,2
like mani,2
like mother,2
like much,2
like new,2
like noth,2
like place,2
like real,2
like realli,2
like seen,2
like spark,2
like stori,2
like summer,2
like think,2
like three,2
like u,2
like us,2
like year,2
lil diva,2
line apple,2
lineback coach,2
link post,2
link use,2
listen like,2
litter box,2
littl detail,2
littl late,2
littl nervous,2
littl patienc,2
littl plan,2
littl thing,2
littl year,2
live action,2
live dream,2
live green,2
live interest,2
live let,2
live live,2
live said,2
liver mouss,2
lmao love,2
local artist,2
locke martin,2
lol im,2
long ago,2
long day,2
long enough,2
long histori,2
long last,2
long line,2
long talk,2
long way,2
longer take,2
longterm care,2
look …,2
look amaz,2
look away,2
look big,2
look close,2
look great,2
look littl,2
look make,2
look mirror,2
loss life,2
lost control,2
lost percent,2
lost pound,2
lot around,2
lot better,2
lot great,2
lot lot,2
lot realli,2
loui ram,2
love alter,2
love can,2
love collect,2
love come,2
love go,2
love home,2
love know,2
love love,2
love new,2
love noth,2
love rock,2
love take,2
love thing,2
love twitter,2
love u,2
love us,2
love vintag,2
love watch,2
love year,2
low moderateincom,2
low speed,2
lower diseas,2
lowestpaid coach,2
luna didn’t,2
lutheran church,2
lynch movi,2
mac chees,2
mad men,2
made comment,2
made day,2
made good,2
made happen,2
made life,2
made today,2
made want,2
magazin holder,2
magnet storm,2
main attract,2
mainstream media,2
major incid,2
major one,2
major part,2
make big,2
make billion,2
make blood,2
make busi,2
make card,2
make coffe,2
make contact,2
make em,2
make even,2
make everyth,2
make happen,2
make huge,2
make look,2
make love,2
make mile,2
make money,2
make move,2
make nasti,2
make new,2
make pay,2
make peopl,2
make person,2
make roast,2
make someth,2
make sound,2
make stop,2
make thing,2
make think,2
make use,2
make veri,2
make whole,2
make year,2
man death,2
man feel,2
man just,2
man say,2
man walk,2
manag hes,2
mani amaz,2
mani card,2
mani erasur,2
mani new,2
mani point,2
manic monday,2
march band,2
march group,2
march mean,2
maricopa counti,2
market accord,2
market differ,2
market research,2
market unpredict,2
martin employe,2
mass wed,2
match ani,2
matter much,2
matter peopl,2
matter size,2
may abl,2
may come,2
may end,2
may find,2
may gone,2
may involv,2
may may,2
may onli,2
may receiv,2
may seek,2
may well,2
mayb realli,2
mayb someth,2
mayb start,2
mean bring,2
mean food,2
mean get,2
mean lot,2
mean noth,2
mean someth,2
mean time,2
mean will,2
meanwhil make,2
measur b,2
meat don’t,2
media coverag,2
medic center,2
medic licens,2
medic supervis,2
megan fox,2
melt chocol,2
memori great,2
memori grow,2
men meter,2
men will,2
mental ill,2
mess around,2
metal bodi,2
meter air,2
method champenois,2
middl class,2
middleclass job,2
might abl,2
might come,2
might creat,2
might find,2
might onli,2
might think,2
might want,2
might well,2
might work,2
mile race,2
mile walk,2
militari civilian,2
milk cereal,2
million american,2
million billion,2
million million,2
million rais,2
million will,2
mind eye,2
mine even,2
mint cucumb,2
minut first,2
minut mix,2
minut wait,2
mix album,2
mixer combin,2
mobil phone,2
model charg,2
mom go,2
mom posh,2
mom take,2
monday freebi,2
monday morn,2
monday night,2
monday wednesday,2
money come,2
money save,2
money time,2
month ’,2
month accord,2
month befor,2
month can,2
month got,2
month left,2
month mayb,2
moral judgement,2
morn jog,2
morn will,2
move make,2
move quick,2
move right,2
move time,2
move town,2
movi ’,2
movi can,2
movi like,2
movi miniseri,2
movi one,2
movi tv,2
mr colson,2
much chang,2
much elect,2
much help,2
much larger,2
much later,2
much one,2
much person,2
much safer,2
multifamili start,2
music done,2
music festiv,2
music lover,2
music theori,2
must know,2
must pay,2
mysteri circumst,2
name go,2
name inspir,2
name spot,2
nate mcmillan,2
nation convent,2
nation park,2
nation report,2
nation’ capit,2
nativ d,2
natur resourc,2
near complet,2
near five,2
near west,2
need care,2
need chang,2
need generat,2
need get,2
need good,2
need help,2
need indian,2
need insert,2
need just,2
need know,2
need littl,2
need new,2
need physician,2
need put,2
need start,2
need stop,2
need thing,2
need walk,2
nervous time,2
network internet,2
never give,2
never got,2
never happen,2
never heard,2
never met,2
never put,2
never read,2
never recov,2
never said,2
never show,2
never thought,2
new coach,2
new favorit,2
new ipad,2
new life,2
new mean,2
new order,2
new page,2
new piec,2
new product,2
new season,2
new song,2
new state,2
new tax,2
new team,2
new websit,2
new world,2
newman said,2
newspap write,2
next play,2
next season,2
next weekend,2
nfl draft,2
nice becaus,2
nice thing,2
nice way,2
night befor,2
night call,2
night see,2
night terror,2
nohitt sinc,2
nois come,2
non complianc,2
nonprofit organ,2
north bergen,2
north dakota,2
north scottsdal,2
northeast ohio,2
note self,2
noth short,2
noth wrong,2
notic sever,2
now becom,2
now come,2
now dont,2
now get,2
now hope,2
now hour,2
now late,2
now love,2
now mani,2
now one,2
now seen,2
now set,2
now sudden,2
now thing,2
now two,2
number elk,2
nurul ain,2
obama administr,2
obama said,2
obtain licens,2
occupi denver,2
october also,2
offer invit,2
offic can,2
offic live,2
offic said,2
offic told,2
offic will,2
office just,2
office say,2
offici bar,2
often make,2
oh get,2
oh love,2
oh man,2
oh sorri,2
oh yeah,2
ohio day,2
ohio selfinsur,2
old cheroke,2
old new,2
old school,2
old testament,2
old way,2
onc ’v,2
onc call,2
onc get,2
one ’,2
one angl,2
one ani,2
one ask,2
one away,2
one back,2
one better,2
one big,2
one call,2
one child,2
one classmat,2
one come,2
one direct,2
one els,2
one end,2
one favourit,2
one four,2
one freebi,2
one friend,2
one game,2
one guy,2
one hand,2
one help,2
one home,2
one ill,2
one interest,2
one kind,2
one ladi,2
one lead,2
one like,2
one look,2
one make,2
one mani,2
one minut,2
one morn,2
one new,2
one one,2
one particular,2
one perfect,2
one play,2
one question,2
one save,2
one say,2
one shot,2
one show,2
one side,2
one song,2
one stori,2
one think,2
one top,2
one use,2
one vote,2
one want,2
one watch,2
one women,2
one work,2
one world,2
onion thin,2
onli access,2
onli chang,2
onli come,2
onli day,2
onli good,2
onli got,2
onli help,2
onli look,2
onli player,2
onli post,2
onli slight,2
onli time,2
onli use,2
onlin want,2
onto cooki,2
open charter,2
open cup,2
open day,2
open everyth,2
open loop,2
open sent,2
open space,2
open window,2
opene day,2
oper offic,2
oper system,2
opportun go,2
oral torah,2
orang juic,2
order go,2
organ cotton,2
organ like,2
organis will,2
origin plan,2
origin thought,2
outsid door,2
oven bake,2
oz sampl,2
pace car,2
pack right,2
page script,2
palm beach,2
paper cup,2
paper etc,2
paradigm shift,2
parent hous,2
parent pass,2
parent will,2
part communiti,2
part great,2
part long,2
part mifflin,2
part thing,2
part time,2
part world,2
parti said,2
parti time,2
particip program,2
pass new,2
pass test,2
pass three,2
past coupl,2
past saturday,2
past week,2
pasta cook,2
pastri dough,2
pave way,2
pay attent,2
pay cost,2
pay post,2
pay rais,2
payment base,2
payment receiv,2
peak form,2
pension contribut,2
peopl –,2
peopl around,2
peopl come,2
peopl danc,2
peopl equal,2
peopl ever,2
peopl gather,2
peopl get,2
peopl got,2
peopl individu,2
peopl less,2
peopl like,2
peopl list,2
peopl love,2
peopl made,2
peopl mental,2
peopl need,2
peopl peopl,2
peopl run,2
peopl tri,2
peopl understand,2
peopl want,2
pepper spray,2
per acr,2
per month,2
per person,2
percent american,2
percent peopl,2
percent popul,2
percent seat,2
percent us,2
percent year,2
perfect recip,2
perfect time,2
perform arts,2
perform optic,2
perform today,2
person doe,2
person profession,2
person stori,2
person tell,2
person truli,2
person tweet,2
person whose,2
pet peopl,2
phone just,2
phone number,2
photo album,2
physic fit,2
pick best,2
pick one,2
pick second,2
pick top,2
pick work,2
picki babi,2
pictur frame,2
pictur said,2
piec like,2
piec new,2
pinion system,2
pit bull,2
place across,2
place anoth,2
place around,2
place fun,2
place ive,2
place said,2
plan come,2
plan end,2
plan make,2
plan still,2
plan take,2
plan us,2
play also,2
play basketbal,2
play field,2
play like,2
play long,2
play role,2
play togeth,2
play top,2
play understand,2
play will,2
player power,2
player throw,2
playoff game,2
pleas check,2
pleas contact,2
pleas dont,2
pleas god,2
pleas let,2
pleas man,2
pleas tell,2
plug hole,2
pm april,2
pm polic,2
pm today,2
point dure,2
point har,2
point hes,2
point return,2
point team,2
polic arrest,2
polic believ,2
polic dog,2
polic offici,2
polic search,2
polic still,2
polit director,2
polit war,2
politician say,2
popul hold,2
pose pictur,2
posh lil,2
possibl becaus,2
possibl get,2
possibl point,2
post facebook,2
post just,2
post poetri,2
post select,2
post someth,2
pot holder,2
potato fri,2
potato salad,2
pour rain,2
powder salt,2
power play,2
premier leagu,2
presid ceo,2
presid member,2
presidenti campaign,2
press rather,2
press writer,2
pretti well,2
previous post,2
prime minist,2
prison term,2
privat properti,2
probabl heard,2
probabl much,2
problem includ,2
process theolog,2
product will,2
program come,2
program cut,2
program thank,2
program think,2
project end,2
project includ,2
prom dress,2
promot health,2
properti valu,2
propos billion,2
propos rais,2
protect status,2
provid better,2
provid low,2
public health,2
public onli,2
public set,2
public univers,2
puff pastri,2
pull away,2
pull trigger,2
punch martha,2
punch stomach,2
purpos make,2
purpos said,2
put hand,2
put lot,2
put money,2
put new,2
qualiti player,2
qualiti start,2
quantum physic,2
question answer,2
question ask,2
question doe,2
question everi,2
question rais,2
question result,2
quit fit,2
quot book,2
quot day,2
r u,2
race day,2
rachel john,2
rack pinion,2
rail line,2
random winner,2
ranger rick,2
rap im,2
rare occas,2
rather go,2
rather just,2
rather one,2
rbi singl,2
reach comment,2
reach first,2
read vendor,2
read write,2
reader ’,2
real live,2
real thing,2
real time,2
realli ”,2
realli bad,2
realli doesnt,2
realli dont,2
realli fun,2
realli hit,2
realli meant,2
realli much,2
realli onli,2
realli quit,2
realli realli,2
realli sad,2
realli seem,2
realli veri,2
reason consist,2
reason mani,2
receiv arc,2
receiv fund,2
receiv phone,2
recept award,2
recess start,2
recip end,2
record set,2
record show,2
red bell,2
red white,2
reed said,2
refer four,2
refus tell,2
regular basi,2
regulatori non,2
relationship anoth,2
relay life,2
releas polic,2
releas public,2
religion can,2
remain commit,2
rememb first,2
rememb whi,2
remov heat,2
rental car,2
report found,2
report pm,2
report prize,2
repres new,2
republican nomine,2
reput will,2
research institut,2
respect one,2
rest assur,2
rest us,2
rest week,2
retir account,2
return home,2
review said,2
richard pryor,2
right away,2
right call,2
right howev,2
right store,2
right way,2
rise fall,2
risk involv,2
risk life,2
road mile,2
road will,2
roald dahl,2
roast beef,2
roast pork,2
role blazer,2
role model,2
roll back,2
roll stone,2
romain lettuc,2
romney campaign,2
rose percent,2
rough day,2
royal famili,2
rt game,2
rt go,2
rt may,2
rt much,2
run back,2
run im,2
run run,2
run world,2
rural communiti,2
rutger coach,2
rutger univers,2
s dad,2
safe assum,2
safe sound,2
said ’,2
said accord,2
said administr,2
said although,2
said american,2
said big,2
said brush,2
said can,2
said car,2
said carol,2
said chang,2
said custom,2
said deal,2
said decis,2
said done,2
said dude,2
said find,2
said first,2
said found,2
said group,2
said hed,2
said hes,2
said im,2
said import,2
said investig,2
said just,2
said knew,2
said look,2
said man,2
said mark,2
said met,2
said month,2
said new,2
said noth,2
said patient,2
said pink,2
said plan,2
said play,2
said realli,2
said say,2
said shut,2
said take,2
said true,2
said wednesday,2
said well,2
said without,2
said word,2
said yes,2
sale pitch,2
sale price,2
sampl can,2
sampl card,2
san marco,2
sand bar,2
santa ana,2
santa barbara,2
santa monica,2
saturday april,2
saturday kitchen,2
saturday may,2
save best,2
saw increas,2
saw thing,2
say dont,2
say fuck,2
say king,2
say learn,2
say least,2
say mani,2
say need,2
say peopl,2
say right,2
say tin,2
say ucf,2
scene actual,2
scene use,2
schedul auction,2
schedul new,2
scholarship sport,2
school can,2
school charter,2
school day,2
school even,2
school librari,2
school offici,2
school start,2
school well,2
scienc technolog,2
score third,2
scottish citi,2
scout combin,2
scrapbook steal,2
sea level,2
search new,2
seat cover,2
seat onli,2
second base,2
second coming,2
second floor,2
second last,2
second left,2
second season,2
second straight,2
second time,2
second year,2
secret space,2
secretari state,2
secur guard,2
see ’,2
see ’m,2
see aveng,2
see everi,2
see everyon,2
see next,2
see onli,2
see pic,2
see pictur,2
see play,2
see thing,2
see way,2
see whi,2
seem best,2
seem impress,2
seem littl,2
select committe,2
select group,2
sell good,2
sell item,2
send word,2
senior vice,2
septemb th,2
seri becaus,2
serious injuri,2
serv armi,2
serv bagel,2
servic record,2
set sun,2
set work,2
seven time,2
seven walk,2
seventh grade,2
sever month,2
sever page,2
sever reason,2
sex realiti,2
sex woman,2
sex women,2
sexual relationship,2
shaw said,2
shed light,2
shell find,2
sheriff’ office,2
sherwood polic,2
shes go,2
shit keep,2
shit like,2
shoot day,2
shoot email,2
shop center,2
shop door,2
shop open,2
shop tini,2
short film,2
short term,2
show caus,2
show hope,2
show kind,2
show lightheart,2
show like,2
show one,2
show tell,2
show tonight,2
showgirl court,2
shrug shoulder,2
shun becaus,2
side border,2
side effect,2
side side,2
sign tri,2
signific number,2
silicon valley,2
simpl orang,2
simpl use,2
simpli lack,2
simpli part,2
simpli score,2
sinc juli,2
sinc last,2
sinc sometim,2
singl famili,2
sink becaus,2
sit around,2
sit back,2
sit car,2
situat still,2
situat yet,2
six day,2
six game,2
six peopl,2
sixth man,2
sky toward,2
sl st,2
slot machin,2
slowli steadili,2
small group,2
sneak back,2
snow white,2
soccer basketbal,2
soda bread,2
solar power,2
sold card,2
somehow voic,2
someon get,2
someon know,2
someon look,2
someon said,2
somerset counti,2
someth ’d,2
someth bad,2
someth better,2
someth call,2
someth dont,2
someth els,2
someth give,2
someth happen,2
someth interest,2
someth someon,2
someth veri,2
someth wont,2
sometim best,2
sometim can,2
sometim like,2
sometim take,2
sometim wish,2
son text,2
soon becam,2
soon can,2
soon cheer,2
soon heard,2
soon one,2
sound good,2
southwestern student,2
sox season,2
space carri,2
speak truth,2
speci will,2
special need,2
spell error,2
spend cut,2
spend day,2
spend lot,2
spent million,2
spent money,2
spent week,2
spiritu guid,2
sport fan,2
spot get,2
spray paint,2
spring break,2
spritz cooki,2
st charl,2
st joseph’,2
st mari,2
st paul,2
st peter,2
st place,2
staff meet,2
staff one,2
stamp imag,2
stand among,2
stand befor,2
stand way,2
standard poor,2
start convers,2
start day,2
start feel,2
start im,2
start look,2
start make,2
start point,2
start show,2
start think,2
start use,2
start weekend,2
state lawmak,2
state make,2
state may,2
state san,2
state sen,2
state union,2
state will,2
status quo,2
stay posit,2
steadi stream,2
step away,2
step help,2
still aliv,2
still cant,2
still doesn’t,2
still live,2
still might,2
still power,2
still stand,2
still thing,2
still turn,2
stop dream,2
stop work,2
store get,2
store websit,2
stori now,2
stori publish,2
stori told,2
stori whi,2
strain trilogi,2
street half,2
street time,2
stress ani,2
student got,2
studi found,2
stuff like,2
stupid movi,2
style dish,2
subsid cost,2
sudden veri,2
sugar mixtur,2
suggest altern,2
suggest poke,2
suggest use,2
summer day,2
summer will,2
sunday juli,2
sunday thursday,2
super excit,2
superintend school,2
suprem court,2
sure anyon,2
sure check,2
sure dont,2
sure hit,2
sure im,2
sure onli,2
sure u,2
sure will,2
surpris find,2
surviv wife,2
sweet littl,2
sweet sour,2
swim lesson,2
swiss chees,2
system help,2
take action,2
take anoth,2
take away,2
take back,2
take big,2
take challeng,2
take ialp,2
take long,2
take look,2
take lot,2
take mani,2
take money,2
take month,2
take one,2
take page,2
take photo,2
take serious,2
take three,2
take trip,2
take two,2
take upon,2
taken one,2
taken step,2
taken time,2
talk everyon,2
talk week,2
tampa bay,2
tank top,2
tast food,2
tast like,2
tax rate,2
tax today,2
tea parti,2
teacher ive,2
teacher year,2
team “,2
team go,2
team point,2
team set,2
team titl,2
team usa,2
team valor,2
team win,2
team work,2
tech compani,2
techniqu can,2
tell similar,2
tell stori,2
tell us,2
tell will,2
temporari revers,2
tenni shoe,2
testament –,2
th birthday,2
th floor,2
th nation,2
th now,2
th overal,2
thank can,2
thank come,2
thank god,2
thank im,2
thank rt,2
thank run,2
theater compani,2
themselv said,2
thin layer,2
thing ’d,2
thing anoth,2
thing dont,2
thing feel,2
thing first,2
thing get,2
thing good,2
thing kid,2
thing last,2
thing love,2
thing make,2
thing matter,2
thing never,2
thing onli,2
thing peopl,2
thing rememb,2
thing right,2
thing start,2
thing time,2
thing took,2
thing turn,2
thing well,2
thing will,2
thing world,2
think back,2
think differ,2
think famili,2
think get,2
think give,2
think great,2
think hes,2
think ill,2
think import,2
think like,2
think love,2
think may,2
think much,2
think origin,2
think realli,2
think right,2
think thing,2
think worth,2
thirti minut,2
though ’,2
though may,2
though rememb,2
thought ’d,2
thought day,2
thought go,2
thought might,2
thought think,2
thousand peopl,2
three blog,2
three day,2
three four,2
three good,2
three hour,2
three line,2
three major,2
three piec,2
three will,2
threecours fixedpric,2
throughout year,2
thursday even,2
thursday may,2
thursday midnight,2
thursday night,2
ticket sale,2
tiger wood,2
tim duncan,2
tim holtz,2
timber first,2
time ani,2
time befor,2
time blog,2
time die,2
time dont,2
time go,2
time ive,2
time jesus,2
time know,2
time leav,2
time let,2
time lol,2
time made,2
time money,2
time period,2
time report,2
time shop,2
time space,2
time spent,2
time thought,2
time togeth,2
time use,2
time want,2
time year,2
titl game,2
toast bread,2
today im,2
today love,2
today realiz,2
today share,2
today thank,2
today told,2
togeth help,2
togeth meet,2
toilet paper,2
toilet seat,2
told go,2
told one,2
tomorrow afternoon,2
tomorrow one,2
tomorrow sure,2
tonight thank,2
took cold,2
took day,2
took least,2
took place,2
took seat,2
top european,2
top extrem,2
top four,2
top seed,2
top slot,2
total differ,2
total million,2
total yummi,2
touchdown pass,2
tourism industri,2
tournament also,2
toward end,2
tradit use,2
train camp,2
train hit,2
train servic,2
train station,2
translat king,2
treat releas,2
trend upward,2
trenton —,2
tri best,2
tri blame,2
tri catch,2
tri focus,2
tri give,2
tri new,2
tri sell,2
tri sleep,2
trial june,2
true blood,2
tsunami warn,2
tuesday morn,2
tune see,2
turn first,2
turn head,2
turn mean,2
turn page,2
turnov rutger,2
tv ad,2
twin win,2
two count,2
two countri,2
two daughter,2
two differ,2
two free,2
two inning,2
two month,2
two new,2
two night,2
two releas,2
two run,2
two season,2
two thing,2
two young,2
type nigga,2
u alreadi,2
u get,2
u make,2
u turn,2
uc davi,2
uh huh,2
understand ’,2
unifi school,2
univers california,2
univers citi,2
univers oregon,2
univers say,2
univers texa,2
unlik previous,2
unsalt butter,2
upward sinc,2
us attorney,2
us bank,2
us carrier,2
us compani,2
us consid,2
us dinner,2
us friend,2
us govern,2
us includ,2
us least,2
us olympic,2
us one,2
us rep,2
us said,2
us seem,2
us theyr,2
us today,2
us two,2
us use,2
use cloth,2
use coupon,2
use design,2
use fight,2
use fresh,2
use go,2
use imag,2
use light,2
use mani,2
use money,2
use new,2
use one,2
use onlin,2
use technolog,2
use tool,2
use use,2
use zotero,2
usual go,2
valentin day,2
valu live,2
van gundi,2
various deiti,2
various experi,2
veget garden,2
vehement oppos,2
velvet various,2
veri busi,2
veri clean,2
veri day,2
veri differ,2
veri earli,2
veri end,2
veri least,2
veri nervous,2
veri popular,2
veri quick,2
veri rare,2
veri serious,2
veri short,2
veri signific,2
veri strong,2
veri unusu,2
vice chair,2
victim file,2
virtuous caus,2
visual effect,2
voic head,2
w bush,2
wait hour,2
wait right,2
wait tabl,2
wait til,2
walk across,2
walk bassist,2
walk south,2
wander around,2
wanna see,2
want ani,2
want chang,2
want check,2
want creat,2
want desper,2
want eat,2
want job,2
want join,2
want life,2
want meet,2
want news,2
want photo,2
want pictur,2
want provid,2
want say,2
want send,2
want start,2
want tell,2
want thing,2
want want,2
want work,2
want write,2
war dead,2
ward said,2
warm welcom,2
warn sign,2
wasn’t realli,2
wasnt enough,2
wasnt sure,2
wast time,2
watch glee,2
watch new,2
watch p,2
watch time,2
water agenc,2
way can,2
way cant,2
way give,2
way go,2
way know,2
way life,2
way like,2
way live,2
way make,2
way store,2
weak velvet,2
wear black,2
websit becom,2
websit see,2
wed anniversari,2
wed food,2
wednesday day,2
week announc,2
week befor,2
week came,2
week challeng,2
week class,2
week im,2
week later,2
week love,2
week mean,2
week new,2
week now,2
week said,2
week sure,2
week want,2
weekend new,2
weight loss,2
welcom back,2
welcom hope,2
well done,2
well enough,2
well everi,2
well execut,2
well get,2
well go,2
well interest,2
well least,2
well let,2
well like,2
well microwav,2
well now,2
well onli,2
well play,2
well realli,2
well seem,2
well time,2
went back,2
went beyond,2
west coast,2
west confer,2
west side,2
wet track,2
weve got,2
weve grown,2
wheat —,2
whether ’r,2
whether court,2
whether want,2
whi bother,2
whi doe,2
whi doesn’t,2
whi keep,2
whi know,2
whi love,2
white blue,2
white guy,2
white rice,2
white s,2
whole life,2
whole season,2
whole week,2
wide open,2
wide receiv,2
wife actress,2
wife may,2
will abl,2
will bother,2
will break,2
will broadcast,2
will celebr,2
will close,2
will conduct,2
will continu,2
will contribut,2
will cost,2
will determin,2
will enjoy,2
will ensur,2
will ever,2
will featur,2
will file,2
will great,2
will includ,2
will increas,2
will last,2
will like,2
will merci,2
will move,2
will name,2
will often,2
will one,2
will pass,2
will perform,2
will present,2
will recogn,2
will rememb,2
will run,2
will serv,2
will still,2
will submit,2
will suffic,2
will travel,2
will wear,2
will win,2
will without,2
wilson begin,2
win big,2
win first,2
win score,2
winner get,2
wish femal,2
wish hadnt,2
wish just,2
wit stand,2
within area,2
within five,2
without doubt,2
without govern,2
without question,2
woman read,2
women big,2
women leader,2
women look,2
won gold,2
won two,2
wonder boy,2
wonder can,2
wonder happen,2
wonder whether,2
wonder will,2
wont stop,2
wont want,2
woo hoo,2
woot woot,2
word friend,2
word report,2
word spread,2
word use,2
word will,2
work ’m,2
work anoth,2
work art,2
work day,2
work dont,2
work even,2
work event,2
work expect,2
work famili,2
work generat,2
work go,2
work hope,2
work intern,2
work kazakhstan,2
work like,2
work littl,2
work loom,2
work mani,2
work new,2
work now,2
work onli,2
work perfect,2
work person,2
work progress,2
work provid,2
work three,2
work togeth,2
work tomorrow,2
work two,2
work whi,2
work will,2
worker product,2
world affair,2
world book,2
world chang,2
world cup,2
world even,2
world girl,2
world know,2
world oblig,2
world peac,2
world see,2
world will,2
worth million,2
wouldn’t age,2
wow just,2
write book,2
write well,2
wrong thing,2
wrote three,2
ya go,2
ya see,2
yall go,2
yankees win,2
yarn draw,2
yeah im,2
year ’ve,2
year also,2
year even,2
year everyon,2
year half,2
year ive,2
year just,2
year line,2
year mani,2
year mayb,2
year much,2
year new,2
year now,2
year point,2
year probabl,2
year product,2
year use,2
year’ eve,2
yearold daughter,2
yell cri,2
yes now,2
yes yet,2
yesterday’ post,2
yet anoth,2
yet least,2
yet still,2
yoshida won,2
youll need,2
youll see,2
young children,2
young kid,2
young men,2
young peopl,2
younger generat,2
yourselv “white”,2
youth vigor,2
youtub video,2
youv done,2
youv seen,2
